﻿{"cameraMode":{"drawMode":0,"name":"Shaded","section":"Shading Mode"},"sceneLighting":true,"audioPlay":false,"sceneViewState":{"showFog":true,"showMaterialUpdate":false,"showSkybox":true,"showFlares":true,"showImageEffects":true,"showParticleSystems":true},"in2DMode":false,"pivot":{"x":6.226025104522705,"y":2.477562427520752,"z":7.642467498779297},"rotation":{"x":0.2888229489326477,"y":-0.026423010975122453,"z":0.007974657230079174,"w":0.9569846391677856},"size":24.722705841064454,"orthographic":false}