﻿{"cameraMode":{"drawMode":0,"name":"Shaded","section":"Shading Mode"},"sceneLighting":false,"audioPlay":false,"sceneViewState":{"showFog":true,"showMaterialUpdate":false,"showSkybox":false,"showFlares":true,"showImageEffects":true,"showParticleSystems":true},"in2DMode":false,"pivot":{"x":4.2332000732421879,"y":1.4600000381469727,"z":-2.681499481201172},"rotation":{"x":0.09704267233610153,"y":-0.8535735607147217,"z":0.17179469764232636,"w":0.48216336965560915},"size":68.9854736328125,"orthographic":false}