﻿{"cameraMode":{"drawMode":0,"name":"Shaded","section":"Shading Mode"},"sceneLighting":true,"audioPlay":false,"sceneViewState":{"showFog":true,"showMaterialUpdate":false,"showSkybox":true,"showFlares":true,"showImageEffects":true,"showParticleSystems":true},"in2DMode":false,"pivot":{"x":-5.808964252471924,"y":2.1500000953674318,"z":-2.6300017833709719},"rotation":{"x":0.09704267233610153,"y":-0.8535735607147217,"z":0.17179469764232636,"w":0.48216336965560915},"size":13.765768051147461,"orthographic":false}