﻿{"cameraMode":{"drawMode":0,"name":"Shaded","section":"Shading Mode"},"sceneLighting":false,"audioPlay":false,"sceneViewState":{"showFog":true,"showMaterialUpdate":false,"showSkybox":false,"showFlares":true,"showImageEffects":true,"showParticleSystems":true},"in2DMode":false,"pivot":{"x":-5.808964252471924,"y":2.1500000953674318,"z":-2.6300017833709719},"rotation":{"x":0.2452375739812851,"y":-0.25572922825813296,"z":0.06723926961421967,"w":0.9327057600021362},"size":3.206749439239502,"orthographic":false}