﻿{"cameraMode":{"drawMode":0,"name":"Shaded","section":"Shading Mode"},"sceneLighting":true,"audioPlay":false,"sceneViewState":{"showFog":true,"showMaterialUpdate":false,"showSkybox":true,"showFlares":true,"showImageEffects":true,"showParticleSystems":true},"in2DMode":false,"pivot":{"x":5.29175329208374,"y":3.431720733642578,"z":-4.674984931945801},"rotation":{"x":-0.5398926138877869,"y":-0.002022267784923315,"z":0.001296814065426588,"w":-0.841730535030365},"size":28.708797454833986,"orthographic":false}