﻿{"cameraMode":{"drawMode":0,"name":"Shaded","section":"Shading Mode"},"sceneLighting":false,"audioPlay":false,"sceneViewState":{"showFog":true,"showMaterialUpdate":false,"showSkybox":false,"showFlares":true,"showImageEffects":true,"showParticleSystems":true},"in2DMode":false,"pivot":{"x":3.6825549602508547,"y":2.6600000858306886,"z":-3.739999771118164},"rotation":{"x":-0.22202810645103455,"y":0.486144483089447,"z":-0.12922582030296327,"w":-0.8352651000022888},"size":4.041658401489258,"orthographic":false}